{
	"Title":"Form 3",
  "Elements":[
	{"$type":"PCL.FormEntryField, PCL",
      "Type":"Entry",
      "PlaceHolderText":"SIN Number",
      "Text":null,
      "LabelText":"SIN Number:",
	  "NumKeyboard":true,
      "Visibile":true},
	{"$type":"PCL.FormEntryField, PCL",
      "Type":"Entry",
      "PlaceHolderText":"Phone Number",
      "Text":null,
      "LabelText":"Phone Number:",
  	  "NumKeyboard":true,
      "Visibile":true},
    {"$type":"PCL.FormLabel, PCL",
      "Type":"Label",
      "LabelText":"This is Form 3",
      "Visibile":true},
	{"$type":"PCL.FormTextField, PCL",
	  "Type":"TextField",
      "PlaceHolderText":"Write Something Here:",
      "NumLines":4,
      "Text":null,
      "LabelText":"Write Something:",
      "Visibile":true},
    {"$type":"PCL.FormEntryField, PCL",
      "Type":"Entry",
      "PlaceHolderText":"First and last name",
      "Text":null,
      "LabelText":"Full Name:",
      "Visibile":true}, 
	{"$type":"PCL.Picker, PCL",
   	  "Type":"Picker",
      "DefaultIndex":0,
      "Values":["Red","Green","Blue","Yellow","Orange","Purple","Indigo","Black","White"],
      "LabelText":"Favorite Color",
      "Visibile":true},
    {"$type":"PCL.Picker, PCL",
   	  "Type":"Picker",
      "DefaultIndex":0,
      "Values":["1","2","3","4","5"],
      "LabelText":"Years of Experience",
      "Visibile":true},
    {"$type":"PCL.FormSwitch, PCL",
	  "Type":"Switch",
      "DefaultValue":true,
      "Value":false,
      "Text":null,
      "LabelText":"Switch 1",
      "Visibile":true},
	{"$type":"PCL.FormSwitch, PCL",
	  "Type":"Switch",
      "DefaultValue":false,
      "Value":false,
      "Text":null,
      "LabelText":"Switch 2",
      "Visibile":true},
    {"$type":"PCL.DatePicker, PCL",
 	  "Type":"DatePicker",
      "SelectedDate":"0001-01-01T00:00:00",
      "LabelText":"Date of Birth:",
      "Visibile":true}
  ]
}
