{
	"Title":"Form1",
  "Elements":[
    {"$type":"PCL.FormLabel, PCL",
      "Type":"Label",
      "LabelText":"This is a Sample Form",
      "Visibile":true},
    {"$type":"PCL.FormEntryField, PCL",
      "Type":"Entry",
      "PlaceHolderText":"First and last name",
      "Text":null,
      "LabelText":"Full Name:",
      "Visibile":true},
    {"$type":"PCL.FormTextField, PCL",
	  "Type":"TextField",
      "PlaceHolderText":"Job Desc",
      "NumLines":4,
      "Text":null,
      "LabelText":"Job Description",
      "Visibile":true},
    {"$type":"PCL.Picker, PCL",
   	  "Type":"Picker",
      "DefaultIndex":0,
      "Values":["1","2","3","4","5"],
      "LabelText":"Years of Experiencce",
      "Visibile":true},
    {"$type":"PCL.FormSwitch, PCL",
	  "Type":"Switch",
      "DefaultValue":true,
      "Value":false,
      "Text":null,
      "LabelText":"Are You Happy?",
      "Visibile":true},
    {"$type":"PCL.DatePicker, PCL",
 	  "Type":"DatePicker",
      "SelectedDate":"0001-01-01T00:00:00",
      "LabelText":"Date of Birth:",
      "Visibile":true}
  ]
}
